Emma,20799
Olivia,19674
Sophia,18490
Isabella,16950
Ava,15586
Mia,13442
Emily,12562
Abigail,11985
Madison,10247
Charlotte,10048
Harper,9564
Sofia,9542
Avery,9517
Elizabeth,9492
Amelia,8727
Evelyn,8692
Ella,8489
Chloe,8469
Victoria,7955
Aubrey,7589
Grace,7554
Zoey,7358
Natalie,7061
Addison,6950
Lillian,6869
Brooklyn,6767
Lily,6727
Hannah,6512
Layla,6428
Scarlett,5965
Aria,5893
Zoe,5828
Samantha,5680
Anna,5639
Leah,5563
Audrey,5531
Ariana,5461
Allison,5440
Savannah,5433
Arianna,5240
Camila,5194
Penelope,5062
Gabriella,5051
Claire,4991
Aaliyah,4850
Sadie,4823
Riley,4761
Skylar,4732
Nora,4708
Sarah,4647
Hailey,4595
Kaylee,4513
Paisley,4473
Kennedy,4459
Ellie,4442
Peyton,4426
Annabelle,4324
Caroline,4307
Madelyn,4289
Serenity,4284
Aubree,4258
Lucy,4257
Alexa,4227
Alexis,4188
Nevaeh,4188
Stella,4165
Violet,4156
Genesis,4144
Mackenzie,4122
Bella,4050
Autumn,4034
Mila,4033
Kylie,3928
Maya,3904
Piper,3840
Alyssa,3798
Taylor,3782
Eleanor,3704
Melanie,3681
Naomi,3677
Faith,3664
Eva,3651
Katherine,3651
Lydia,3609
Brianna,3582
Julia,3578
Ashley,3539
Khloe,3518
Madeline,3409
Ruby,3383
Sophie,3364
Alexandra,3288
London,3264
Lauren,3072
Gianna,3061
Isabelle,3044
Alice,3042
Vivian,3040
Hadley,2992
Jasmine,2988
Morgan,2984
Kayla,2982
Cora,2945
Bailey,2929
Kimberly,2883
Reagan,2882
Hazel,2877
Clara,2833
Sydney,2831
Trinity,2781
Natalia,2778
Valentina,2769
Rylee,2753
Jocelyn,2744
Maria,2740
Aurora,2718
Eliana,2708
Brielle,2638
Liliana,2624
Mary,2611
Elena,2598
Molly,2578
Makayla,2559
Lilly,2550
Andrea,2543
Quinn,2539
Jordyn,2533
Adalynn,2512
Nicole,2511
Delilah,2496
Kendall,2432
Kinsley,2429
Ariel,2419
Payton,2397
Paige,2395
Mariah,2383
Brooke,2375
Willow,2373
Jade,2369
Lyla,2368
Mya,2367
Ximena,2323
Luna,2314
Isabel,2313
Mckenzie,2303
Ivy,2269
Josephine,2255
Amy,2178
Laila,2133
Isla,2122
Eden,2117
Adalyn,2105
Angelina,2105
Londyn,2081
Rachel,2051
Melody,2048
Juliana,2045
Kaitlyn,2044
Brooklynn,2043
Destiny,2043
Emery,2026
Gracie,2021
Noah,19144
Liam,18342
Mason,17092
Jacob,16712
William,16687
Ethan,15619
Michael,15323
Alexander,15293
James,14301
Daniel,13829
Elijah,13694
Benjamin,13687
Logan,13579
Aiden,13296
Jayden,12878
Matthew,12809
Jackson,12121
David,12078
Lucas,12078
Joseph,11995
Anthony,11490
Andrew,11069
Samuel,10859
Gabriel,10826
Joshua,10764
John,10600
Carter,10599
Luke,10431
Dylan,10350
Christopher,10278
Isaac,9868
Oliver,9365
Henry,9350
Sebastian,9237
Caleb,9143
Owen,9100
Ryan,9026
Nathan,8902
Wyatt,8812
Hunter,8759
Jack,8685
Christian,8388
Landon,8180
Jonathan,8035
Levi,7958
Jaxon,7635
Julian,7611
Isaiah,7530
Eli,7428
Aaron,7334
Charles,7269
Connor,7195
Cameron,7013
Thomas,6972
Jordan,6810
Jeremiah,6780
Nicholas,6713
Evan,6667
Adrian,6659
Gavin,6582
Robert,6572
Brayden,6539
Grayson,6532
Josiah,6376
Colton,6339
Austin,6263
Angel,6255
Jace,6254
Dominic,6205
Kevin,5859
Brandon,5804
Tyler,5785
Parker,5677
Ayden,5586
Jason,5510
Jose,5442
Ian,5422
Chase,5322
Adam,5293
Hudson,5199
Nolan,5181
Zachary,5137
Easton,4961
Blake,4913
Jaxson,4900
Cooper,4803
Lincoln,4785
Xavier,4726
Bentley,4722
Kayden,4691
Carson,4580
Brody,4297
Asher,4279
Nathaniel,4257
Ryder,4073
Justin,3991
Leo,3936
Juan,3887
Luis,3879
Camden,3872
Tristan,3872
Damian,3866
Elias,3751
Vincent,3744
Jase,3719
Mateo,3704
Maxwell,3703
Miles,3639
Micah,3612
Sawyer,3571
Jesus,3504
Max,3468
Roman,3435
Leonardo,3431
Santiago,3417
Cole,3404
Carlos,3402
Bryson,3397
Ezra,3372
Brantley,3322
Braxton,3320
Declan,3299
Eric,3294
Kaiden,3247
Giovanni,3230
Theodore,3191
Harrison,3184
Alex,3159
Diego,3154
Wesley,3112
Bryce,3099
Ivan,3059
Greyson,3022
George,2988
Timothy,2981
Weston,2944
Silas,2900
Jonah,2878
Antonio,2871
Colin,2869
Richard,2857
Hayden,2851
Ashton,2797
Steven,2778
Axel,2777
Miguel,2737
Kaleb,2734
Bryan,2713
Preston,2705
Jayce,2696
Ryker,2666
Victor,2664
Patrick,2658
Joel,2641
Grant,2624
Emmett,2623
Alejandro,2593
Marcus,2592
Jameson,2575
Edward,2567
Kingston,2566
Jude,2564
Maddox,2554
Abel,2551
Emmanuel,2548
Bennett,2525
Everett,2520
Brian,2510
Jeremy,2506
Alan,2490
Kaden,2440
Jaden,2433
Riley,2429
Jesse,2424
King,2418
Tucker,2406
Kai,2387
Kyle,2370
Malachi,2352
Abraham,2351
Ezekiel,2347
Calvin,2319
Oscar,2309
Bradley,2308
Luca,2291
Avery,2269
Aidan,2265
Zayden,2209
Mark,2161
Jake,2154
Kenneth,2128
Maximus,2118
Sean,2107
Karter,2103
Brady,2083
Nicolas,2060
Cayden,2037
Caden,2027
Graham,2026
Jayceon,2006
