Emma,F,20799
Olivia,F,19674
Sophia,F,18490
Isabella,F,16950
Ava,F,15586
Mia,F,13442
Emily,F,12562
Abigail,F,11985
Madison,F,10247
Charlotte,F,10048
Harper,F,9564
Sofia,F,9542
Avery,F,9517
Elizabeth,F,9492
Amelia,F,8727
Evelyn,F,8692
Ella,F,8489
Chloe,F,8469
Victoria,F,7955
Aubrey,F,7589
Grace,F,7554
Zoey,F,7358
Natalie,F,7061
Addison,F,6950
Lillian,F,6869
Brooklyn,F,6767
Lily,F,6727
Hannah,F,6512
Layla,F,6428
Scarlett,F,5965
Aria,F,5893
Zoe,F,5828
Samantha,F,5680
Anna,F,5639
Leah,F,5563
Audrey,F,5531
Ariana,F,5461
Allison,F,5440
Savannah,F,5433
Arianna,F,5240
Camila,F,5194
Penelope,F,5062
Gabriella,F,5051
Claire,F,4991
Aaliyah,F,4850
Sadie,F,4823
Riley,F,4761
Skylar,F,4732
Nora,F,4708
Sarah,F,4647
Hailey,F,4595
Kaylee,F,4513
Paisley,F,4473
Kennedy,F,4459
Ellie,F,4442
Peyton,F,4426
Annabelle,F,4324
Caroline,F,4307
Madelyn,F,4289
Serenity,F,4284
Aubree,F,4258
Lucy,F,4257
Alexa,F,4227
Alexis,F,4188
Nevaeh,F,4188
Stella,F,4165
Violet,F,4156
Genesis,F,4144
Mackenzie,F,4122
Bella,F,4050
Autumn,F,4034
Mila,F,4033
Kylie,F,3928
Maya,F,3904
Piper,F,3840
Alyssa,F,3798
Taylor,F,3782
Eleanor,F,3704
Melanie,F,3681
Naomi,F,3677
Faith,F,3664
Eva,F,3651
Katherine,F,3651
Lydia,F,3609
Brianna,F,3582
Julia,F,3578
Ashley,F,3539
Khloe,F,3518
Madeline,F,3409
Ruby,F,3383
Sophie,F,3364
Alexandra,F,3288
London,F,3264
Lauren,F,3072
Gianna,F,3061
Isabelle,F,3044
Alice,F,3042
Vivian,F,3040
Hadley,F,2992
Jasmine,F,2988
Morgan,F,2984
Kayla,F,2982
Cora,F,2945
Bailey,F,2929
Kimberly,F,2883
Reagan,F,2882
Hazel,F,2877
Clara,F,2833
Sydney,F,2831
Trinity,F,2781
Natalia,F,2778
Valentina,F,2769
Rylee,F,2753
Jocelyn,F,2744
Maria,F,2740
Aurora,F,2718
Eliana,F,2708
Brielle,F,2638
Liliana,F,2624
Mary,F,2611
Elena,F,2598
Molly,F,2578
Makayla,F,2559
Lilly,F,2550
Andrea,F,2543
Quinn,F,2539
Jordyn,F,2533
Adalynn,F,2512
Nicole,F,2511
Delilah,F,2496
Kendall,F,2432
Kinsley,F,2429
Ariel,F,2419
Payton,F,2397
Paige,F,2395
Mariah,F,2383
Brooke,F,2375
Willow,F,2373
Jade,F,2369
Lyla,F,2368
Mya,F,2367
Ximena,F,2323
Luna,F,2314
Isabel,F,2313
Mckenzie,F,2303
Ivy,F,2269
Josephine,F,2255
Amy,F,2178
Laila,F,2133
Isla,F,2122
Eden,F,2117
Adalyn,F,2105
Angelina,F,2105
Londyn,F,2081
Rachel,F,2051
Melody,F,2048
Juliana,F,2045
Kaitlyn,F,2044
Brooklynn,F,2043
Destiny,F,2043
Emery,F,2026
Gracie,F,2021
Norah,F,1994
Emilia,F,1989
Reese,F,1960
Elise,F,1959
Sara,F,1949
Aliyah,F,1947
Margaret,F,1933
Catherine,F,1923
Vanessa,F,1913
Katelyn,F,1910
Gabrielle,F,1902
Arabella,F,1894
Valeria,F,1882
Valerie,F,1871
Adriana,F,1861
Everly,F,1854
Jessica,F,1779
Daisy,F,1769
Makenzie,F,1766
Summer,F,1759
Lila,F,1758
Rebecca,F,1758
Julianna,F,1756
Callie,F,1751
Michelle,F,1737
Ryleigh,F,1735
Presley,F,1733
Alaina,F,1729
Angela,F,1722
Alina,F,1706
Harmony,F,1704
Rose,F,1678
Athena,F,1677
Emerson,F,1670
Adelyn,F,1666
Alana,F,1664
Hayden,F,1656
Izabella,F,1653
Cali,F,1652
Marley,F,1643
Esther,F,1638
Fiona,F,1636
Stephanie,F,1630
Cecilia,F,1623
Kate,F,1611
Kinley,F,1610
Jayla,F,1609
Genevieve,F,1595
Alexandria,F,1589
Eliza,F,1585
Kylee,F,1580
Alivia,F,1579
Giselle,F,1573
Arya,F,1544
Alayna,F,1533
Leilani,F,1532
Adeline,F,1522
Jennifer,F,1514
Tessa,F,1510
Ana,F,1508
Finley,F,1498
Melissa,F,1496
Daniela,F,1486
Aniyah,F,1479
Daleyza,F,1461
Keira,F,1459
Charlie,F,1432
Lucia,F,1421
Hope,F,1412
Gabriela,F,1403
Mckenna,F,1388
Brynlee,F,1387
Parker,F,1386
Lola,F,1370
Amaya,F,1349
Miranda,F,1348
Maggie,F,1344
Anastasia,F,1328
Leila,F,1324
Lexi,F,1320
Georgia,F,1319
Kenzie,F,1317
Iris,F,1312
Jacqueline,F,1301
Jordan,F,1300
Cassidy,F,1294
Vivienne,F,1289
Camille,F,1280
Noelle,F,1280
Adrianna,F,1272
Teagan,F,1272
Josie,F,1269
Juliette,F,1268
Annabella,F,1265
Allie,F,1263
Juliet,F,1263
Kendra,F,1262
Sienna,F,1255
Brynn,F,1253
Kali,F,1247
Maci,F,1235
Danielle,F,1233
Haley,F,1223
Jenna,F,1223
Raelynn,F,1222
Delaney,F,1220
Paris,F,1218
Alexia,F,1213
Lyric,F,1210
Gemma,F,1205
Lilliana,F,1203
Chelsea,F,1191
Angel,F,1179
Evangeline,F,1177
Ayla,F,1169
Kayleigh,F,1160
Lena,F,1156
Katie,F,1149
Elaina,F,1145
Olive,F,1144
Madeleine,F,1138
Makenna,F,1138
Dakota,F,1136
Elsa,F,1131
Nova,F,1121
Nadia,F,1119
Alison,F,1115
Kaydence,F,1111
Journey,F,1110
Jada,F,1107
Kathryn,F,1107
Shelby,F,1101
Nina,F,1091
Elliana,F,1089
Diana,F,1088
Phoebe,F,1086
Alessandra,F,1078
Eloise,F,1074
Nyla,F,1074
Skyler,F,1070
Madilyn,F,1067
Adelynn,F,1058
Miriam,F,1057
Ashlyn,F,1055
Amiyah,F,1051
Megan,F,1051
Amber,F,1049
Rosalie,F,1047
Annie,F,1046
Lilah,F,1044
Charlee,F,1043
Amanda,F,1042
Ruth,F,1042
Adelaide,F,1040
June,F,1039
Laura,F,1038
Daniella,F,1032
Mikayla,F,1026
Raegan,F,1019
Jane,F,1018
Ashlynn,F,1015
Kelsey,F,1014
Erin,F,1013
Christina,F,1012
Joanna,F,1010
Fatima,F,1009
Allyson,F,1008
Talia,F,1006
Mariana,F,1004
Sabrina,F,1003
Haven,F,1002
Ainsley,F,998
Cadence,F,998
Elsie,F,998
Leslie,F,994
Heaven,F,984
Arielle,F,978
Maddison,F,977
Alicia,F,967
Briella,F,967
Lucille,F,966
Sawyer,F,955
Malia,F,948
Selena,F,947
Heidi,F,944
Kyleigh,F,941
Harley,F,940
Kira,F,939
Lana,F,934
Sierra,F,932
Kiara,F,920
Paislee,F,915
Alondra,F,913
Daphne,F,913
Carly,F,909
Jaylah,F,909
Kyla,F,909
Bianca,F,901
Baylee,F,896
Cheyenne,F,896
Macy,F,887
Camilla,F,883
Catalina,F,883
Gia,F,881
Vera,F,881
Skye,F,880
Aylin,F,878
Sloane,F,874
Myla,F,873
Yaretzi,F,871
Giuliana,F,868
Macie,F,868
Veronica,F,864
Esmeralda,F,862
Lia,F,855
Averie,F,852
Addyson,F,851
Kamryn,F,850
Mckinley,F,850
Ada,F,847
Carmen,F,846
Mallory,F,845
Jillian,F,844
Ariella,F,839
Rylie,F,835
Sage,F,834
Abby,F,830
Scarlet,F,829
Logan,F,828
Tatum,F,828
Bethany,F,824
Dylan,F,822
Elle,F,818
Jazmin,F,817
Aspen,F,812
Camryn,F,810
Malaysia,F,810
Haylee,F,807
Nayeli,F,805
Gracelyn,F,799
Kamila,F,792
Helen,F,791
Marilyn,F,791
April,F,790
Carolina,F,779
Amina,F,776
Julie,F,776
Raelyn,F,776
Blakely,F,771
Rowan,F,770
Angelique,F,768
Miracle,F,768
Emely,F,764
Jayleen,F,764
Kennedi,F,764
Amira,F,762
Briana,F,761
Gwendolyn,F,756
Justice,F,756
Zara,F,754
Aleah,F,752
Itzel,F,752
Bristol,F,749
Francesca,F,748
Emersyn,F,742
Aubrie,F,738
Karina,F,736
Nylah,F,735
Kelly,F,734
Anaya,F,733
Maliyah,F,733
Evelynn,F,731
Ember,F,729
Melany,F,729
Angelica,F,727
Jimena,F,725
Madelynn,F,725
Kassidy,F,724
Tiffany,F,724
Kara,F,723
Jazmine,F,722
Jayda,F,721
Dahlia,F,719
Alejandra,F,715
Sarai,F,710
Annabel,F,709
Holly,F,708
Janelle,F,707
Braelyn,F,705
Gracelynn,F,705
River,F,703
Viviana,F,703
Serena,F,696
Brittany,F,694
Annalise,F,693
Brinley,F,692
Madisyn,F,690
Eve,F,688
Cataleya,F,687
Joy,F,687
Caitlyn,F,686
Anabelle,F,681
Emmalyn,F,681
Journee,F,675
Celeste,F,674
Brylee,F,670
Luciana,F,670
Marlee,F,668
Savanna,F,668
Anya,F,667
Marissa,F,667
Jazlyn,F,663
Zuri,F,660
Kailey,F,659
Crystal,F,657
Michaela,F,654
Lorelei,F,651
Guadalupe,F,650
Madilynn,F,649
Maeve,F,647
Hanna,F,645
Priscilla,F,645
Kyra,F,643
Lacey,F,643
Nia,F,642
Charley,F,634
Jamie,F,633
Juniper,F,633
Cynthia,F,630
Karen,F,630
Sylvia,F,630
Phoenix,F,629
Aleena,F,628
Caitlin,F,625
Felicity,F,620
Elisa,F,617
Julissa,F,617
Rebekah,F,617
Evie,F,615
Helena,F,614
Imani,F,614
Karla,F,614
Millie,F,612
Lilian,F,611
Raven,F,608
Harlow,F,605
Leia,F,605
Ryan,F,603
Kailyn,F,602
Lillie,F,601
Amara,F,600
Kadence,F,600
Lauryn,F,596
Cassandra,F,593
Kaylie,F,590
Madalyn,F,590
Anika,F,589
Hayley,F,588
Bria,F,587
Colette,F,587
Henley,F,587
Amari,F,585
Regina,F,583
Alanna,F,582
Azalea,F,582
Fernanda,F,582
Jaliyah,F,582
Anabella,F,581
Adelina,F,580
Lilyana,F,580
Skyla,F,580
Addisyn,F,577
Zariah,F,576
Bridget,F,574
Braylee,F,572
Monica,F,572
Jayden,F,569
Leighton,F,568
Gloria,F,566
Johanna,F,564
Addilyn,F,563
Danna,F,563
Selah,F,563
Aryanna,F,561
Kaylin,F,561
Aniya,F,560
Willa,F,559
Angie,F,558
Kaia,F,558
Kaliyah,F,557
Anne,F,556
Tiana,F,556
Charleigh,F,555
Winter,F,553
Danica,F,550
Alayah,F,548
Aisha,F,543
Bailee,F,543
Kenley,F,542
Aileen,F,540
Lexie,F,540
Janiyah,F,538
Braelynn,F,537
Liberty,F,537
Katelynn,F,535
Mariam,F,535
Sasha,F,535
Lindsey,F,534
Montserrat,F,533
Cecelia,F,530
Mikaela,F,530
Kaelyn,F,529
Rosemary,F,529
Annika,F,528
Tatiana,F,526
Cameron,F,524
Marie,F,523
Dallas,F,522
Virginia,F,519
Liana,F,517
Matilda,F,517
Freya,F,512
Lainey,F,511
Hallie,F,509
Jessie,F,504
Audrina,F,500
Blake,F,499
Hattie,F,497
Monserrat,F,496
Kiera,F,494
Laylah,F,493
Greta,F,492
Alyson,F,491
Emilee,F,490
Maryam,F,490
Melina,F,489
Dayana,F,488
Jaelynn,F,487
Beatrice,F,482
Frances,F,481
Elisabeth,F,479
Saige,F,478
Kensley,F,477
Meredith,F,475
Aranza,F,473
Rosa,F,473
Shiloh,F,472
Charli,F,471
Elyse,F,471
Alani,F,470
Mira,F,469
Lylah,F,467
Linda,F,466
Whitney,F,463
Alena,F,462
Jaycee,F,461
Joselyn,F,460
Ansley,F,459
Kynlee,F,459
Miah,F,459
Tenley,F,457
Breanna,F,454
Emelia,F,454
Maia,F,454
Edith,F,452
Pearl,F,451
Anahi,F,450
Coraline,F,450
Samara,F,450
Demi,F,449
Chanel,F,448
Kimber,F,447
Lilith,F,447
Malaya,F,446
Jemma,F,445
Myra,F,444
Bryanna,F,443
Laney,F,443
Jaelyn,F,442
Kaylynn,F,442
Kallie,F,440
Natasha,F,439
Nathalie,F,439
Perla,F,439
Amani,F,437
Lilianna,F,437
Madalynn,F,436
Blair,F,435
Elianna,F,434
Karsyn,F,433
Lindsay,F,433
Elaine,F,432
Dulce,F,431
Ellen,F,431
Erica,F,431
Maisie,F,431
Renata,F,431
Kiley,F,430
Marina,F,430
Remi,F,429
Emmy,F,428
Ivanna,F,426
Amirah,F,425
Livia,F,425
Amelie,F,424
Irene,F,424
Mabel,F,424
Milan,F,424
Armani,F,422
Cara,F,421
Ciara,F,418
Kathleen,F,418
Jaylynn,F,416
Caylee,F,415
Lea,F,415
Erika,F,414
Paola,F,413
Alma,F,412
Courtney,F,412
Mae,F,412
Kassandra,F,410
Maleah,F,410
Remington,F,410
Leyla,F,409
Mina,F,408
Ariah,F,407
Christine,F,407
Jasmin,F,407
Kora,F,407
Chaya,F,406
Karlee,F,406
Lailah,F,405
Mara,F,404
Jaylee,F,402
Raquel,F,402
Siena,F,401
Lennon,F,399
Desiree,F,398
Hadassah,F,398
Kenya,F,398
Aliana,F,397
Wren,F,397
Amiya,F,396
Isis,F,396
Zaniyah,F,396
Avah,F,393
Amia,F,392
Cindy,F,391
Eileen,F,391
Kayden,F,391
Madyson,F,391
Celine,F,389
Aryana,F,388
Everleigh,F,388
Isabela,F,387
Reyna,F,386
Teresa,F,386
Jolene,F,385
Marjorie,F,385
Myah,F,385
Clare,F,383
Claudia,F,383
Leanna,F,382
Noemi,F,382
Corinne,F,381
Simone,F,381
Alia,F,380
Brenda,F,380
Dorothy,F,380
Emilie,F,380
Elin,F,379
Tori,F,378
Martha,F,377
Ally,F,376
Arely,F,376
Leona,F,376
Patricia,F,376
Sky,F,376
Thalia,F,375
Carolyn,F,374
Emory,F,373
Nataly,F,373
Paityn,F,373
Shayla,F,373
Averi,F,372
Jazlynn,F,372
Margot,F,372
Lisa,F,371
Lizbeth,F,370
Nancy,F,369
Deborah,F,368
Ivory,F,368
Khaleesi,F,368
Elliot,F,367
Meadow,F,367
Yareli,F,367
Farrah,F,366
Milania,F,366
Janessa,F,365
Milana,F,365
Zoie,F,363
Adele,F,362
Clarissa,F,362
Hunter,F,362
Lina,F,362
Oakley,F,362
Sariah,F,362
Emmalynn,F,361
Galilea,F,361
Hailee,F,361
Halle,F,361
Sutton,F,361
Giana,F,359
Thea,F,359
Denise,F,358
Naya,F,358
Kristina,F,357
Liv,F,357
Nathaly,F,357
Wendy,F,357
Aubrielle,F,355
Brenna,F,355
Carter,F,355
Danika,F,355
Monroe,F,354
Celia,F,353
Dana,F,353
Jolie,F,353
Taliyah,F,353
Casey,F,352
Miley,F,352
Yamileth,F,352
Jaylene,F,351
Saylor,F,350
Joyce,F,349
Milena,F,349
Zariyah,F,349
Sandra,F,348
Ariadne,F,347
Aviana,F,346
Mollie,F,346
Cherish,F,345
Alaya,F,344
Asia,F,344
Nola,F,342
Penny,F,342
Dixie,F,341
Marisol,F,341
Adrienne,F,339
Rylan,F,339
Kori,F,338
Kristen,F,338
Aimee,F,337
Esme,F,337
Laurel,F,337
Aliza,F,336
Roselyn,F,336
Sloan,F,336
Lorelai,F,335
Jenny,F,334
Katalina,F,334
Lara,F,334
Amya,F,332
Ayleen,F,332
Aubri,F,331
Ariya,F,330
Carlee,F,330
Iliana,F,330
Magnolia,F,330
Aurelia,F,329
Elliott,F,329
Evalyn,F,329
Natalee,F,329
Rayna,F,329
Heather,F,328
Collins,F,327
Estrella,F,326
Rory,F,326
Hana,F,325
Kenna,F,325
Jordynn,F,324
Rosie,F,324
Aiyana,F,323
America,F,323
Angeline,F,323
Janiya,F,323
Jessa,F,323
Tegan,F,323
Susan,F,321
Emmalee,F,320
Taryn,F,320
Temperance,F,320
Alissa,F,319
Kenia,F,319
Abbigail,F,318
Briley,F,318
Kailee,F,318
Zaria,F,318
Chana,F,316
Lillianna,F,316
Barbara,F,315
Carla,F,315
Aliya,F,314
Bonnie,F,313
Keyla,F,313
Marianna,F,313
Paloma,F,312
Jewel,F,311
Joslyn,F,311
Saniyah,F,311
Audriana,F,310
Giovanna,F,310
Hadleigh,F,310
Mckayla,F,310
Jaida,F,309
Salma,F,309
Sharon,F,309
Emmaline,F,308
Kimora,F,308
Wynter,F,307
Avianna,F,306
Amalia,F,305
Karlie,F,305
Kaidence,F,304
Kairi,F,304
Libby,F,304
Sherlyn,F,304
Diamond,F,303
Holland,F,302
Zendaya,F,302
Mariyah,F,301
Zainab,F,301
Alisha,F,300
Ayanna,F,300
Ellison,F,300
Harlee,F,300
Lilyanna,F,300
Bryleigh,F,299
Julianne,F,299
Kaleigh,F,299
Miya,F,299
Yasmin,F,299
Anniston,F,298
Estelle,F,298
Emmeline,F,297
Faye,F,297
Kiana,F,296
Anabel,F,295
Zion,F,295
Tara,F,294
Astrid,F,293
Emerie,F,293
Sidney,F,292
Zahra,F,292
Jaylin,F,291
Kinslee,F,291
Tabitha,F,291
Aubriella,F,290
Addilynn,F,289
Alyvia,F,289
Hadlee,F,289
Ingrid,F,289
Lilia,F,289
Macey,F,289
Azaria,F,287
Kaitlynn,F,287
Neriah,F,287
Annabell,F,286
Ariyah,F,286
Janae,F,286
Kaiya,F,286
Reina,F,286
Rivka,F,286
Alisa,F,285
Marleigh,F,285
Alisson,F,284
Maliah,F,284
Mercy,F,284
Noa,F,284
Scarlette,F,284
Clementine,F,283
Frida,F,283
Ann,F,282
Sonia,F,282
Alannah,F,281
Avalynn,F,281
Dalia,F,281
Ayva,F,280
Stevie,F,280
Judith,F,279
Paulina,F,279
Azariah,F,278
Estella,F,278
Remy,F,278
Gwen,F,277
Mattie,F,277
Milani,F,277
Raina,F,277
Julieta,F,276
Renee,F,276
Lesly,F,275
Abrielle,F,274
Bryn,F,274
Carlie,F,274
Riya,F,274
Karter,F,273
Abril,F,272
Aubrianna,F,272
Jocelynn,F,271
Kylah,F,271
Louisa,F,271
Pyper,F,271
Antonia,F,270
Magdalena,F,270
Moriah,F,270
Ryann,F,270
Tamia,F,270
Kailani,F,269
Landry,F,269
Aya,F,268
Ireland,F,268
Mercedes,F,268
Rosalyn,F,268
Alaysia,F,267
Annalee,F,267
Patience,F,267
Aanya,F,266
Paula,F,266
Samiyah,F,266
Yaritza,F,266
Cordelia,F,264
Micah,F,264
Nala,F,264
Belen,F,263
Cambria,F,263
Natalya,F,263
Kaelynn,F,262
Kai,F,262
Noah,M,19144
Liam,M,18342
Mason,M,17092
Jacob,M,16712
William,M,16687
Ethan,M,15619
Michael,M,15323
Alexander,M,15293
James,M,14301
Daniel,M,13829
Elijah,M,13694
Benjamin,M,13687
Logan,M,13579
Aiden,M,13296
Jayden,M,12878
Matthew,M,12809
Jackson,M,12121
David,M,12078
Lucas,M,12078
Joseph,M,11995
Anthony,M,11490
Andrew,M,11069
Samuel,M,10859
Gabriel,M,10826
Joshua,M,10764
John,M,10600
Carter,M,10599
Luke,M,10431
Dylan,M,10350
Christopher,M,10278
Isaac,M,9868
Oliver,M,9365
Henry,M,9350
Sebastian,M,9237
Caleb,M,9143
Owen,M,9100
Ryan,M,9026
Nathan,M,8902
Wyatt,M,8812
Hunter,M,8759
Jack,M,8685
Christian,M,8388
Landon,M,8180
Jonathan,M,8035
Levi,M,7958
Jaxon,M,7635
Julian,M,7611
Isaiah,M,7530
Eli,M,7428
Aaron,M,7334
Charles,M,7269
Connor,M,7195
Cameron,M,7013
Thomas,M,6972
Jordan,M,6810
Jeremiah,M,6780
Nicholas,M,6713
Evan,M,6667
Adrian,M,6659
Gavin,M,6582
Robert,M,6572
Brayden,M,6539
Grayson,M,6532
Josiah,M,6376
Colton,M,6339
Austin,M,6263
Angel,M,6255
Jace,M,6254
Dominic,M,6205
Kevin,M,5859
Brandon,M,5804
Tyler,M,5785
Parker,M,5677
Ayden,M,5586
Jason,M,5510
Jose,M,5442
Ian,M,5422
Chase,M,5322
Adam,M,5293
Hudson,M,5199
Nolan,M,5181
Zachary,M,5137
Easton,M,4961
Blake,M,4913
Jaxson,M,4900
Cooper,M,4803
Lincoln,M,4785
Xavier,M,4726
Bentley,M,4722
Kayden,M,4691
Carson,M,4580
Brody,M,4297
Asher,M,4279
Nathaniel,M,4257
Ryder,M,4073
Justin,M,3991
Leo,M,3936
Juan,M,3887
Luis,M,3879
Camden,M,3872
Tristan,M,3872
Damian,M,3866
Elias,M,3751
Vincent,M,3744
Jase,M,3719
Mateo,M,3704
Maxwell,M,3703
Miles,M,3639
Micah,M,3612
Sawyer,M,3571
Jesus,M,3504
Max,M,3468
Roman,M,3435
Leonardo,M,3431
Santiago,M,3417
Cole,M,3404
Carlos,M,3402
Bryson,M,3397
Ezra,M,3372
Brantley,M,3322
Braxton,M,3320
Declan,M,3299
Eric,M,3294
Kaiden,M,3247
Giovanni,M,3230
Theodore,M,3191
Harrison,M,3184
Alex,M,3159
Diego,M,3154
Wesley,M,3112
Bryce,M,3099
Ivan,M,3059
Greyson,M,3022
George,M,2988
Timothy,M,2981
Weston,M,2944
Silas,M,2900
Jonah,M,2878
Antonio,M,2871
Colin,M,2869
Richard,M,2857
Hayden,M,2851
Ashton,M,2797
Steven,M,2778
Axel,M,2777
Miguel,M,2737
Kaleb,M,2734
Bryan,M,2713
Preston,M,2705
Jayce,M,2696
Ryker,M,2666
Victor,M,2664
Patrick,M,2658
Joel,M,2641
Grant,M,2624
Emmett,M,2623
Alejandro,M,2593
Marcus,M,2592
Jameson,M,2575
Edward,M,2567
Kingston,M,2566
Jude,M,2564
Maddox,M,2554
Abel,M,2551
Emmanuel,M,2548
Bennett,M,2525
Everett,M,2520
Brian,M,2510
Jeremy,M,2506
Alan,M,2490
Kaden,M,2440
Jaden,M,2433
Riley,M,2429
Jesse,M,2424
King,M,2418
Tucker,M,2406
Kai,M,2387
Kyle,M,2370
Malachi,M,2352
Abraham,M,2351
Ezekiel,M,2347
Calvin,M,2319
Oscar,M,2309
Bradley,M,2308
Luca,M,2291
Avery,M,2269
Aidan,M,2265
Zayden,M,2209
Mark,M,2161
Jake,M,2154
Kenneth,M,2128
Maximus,M,2118
Sean,M,2107
Karter,M,2103
Brady,M,2083
Nicolas,M,2060
Cayden,M,2037
Caden,M,2027
Graham,M,2026
Jayceon,M,2006
Paul,M,1987
Gage,M,1923
Corbin,M,1910
Peter,M,1899
Derek,M,1874
Maverick,M,1862
Jorge,M,1841
Tanner,M,1840
Jax,M,1836
Peyton,M,1828
Xander,M,1824
Amir,M,1809
Gael,M,1802
Omar,M,1795
Iker,M,1787
Javier,M,1761
Elliot,M,1750
Jasper,M,1731
Rylan,M,1726
Cody,M,1722
Dean,M,1700
Andres,M,1696
Collin,M,1688
Zane,M,1674
Charlie,M,1670
Myles,M,1655
Lorenzo,M,1628
Beau,M,1622
Conner,M,1620
Lukas,M,1619
Simon,M,1602
Francisco,M,1591
Elliott,M,1574
Finn,M,1567
Gunner,M,1564
Garrett,M,1552
Jaiden,M,1552
Keegan,M,1547
Rowan,M,1531
Israel,M,1523
Griffin,M,1522
August,M,1520
Judah,M,1514
Beckett,M,1511
Brooks,M,1507
Zander,M,1507
Spencer,M,1506
Chance,M,1501
Damien,M,1496
Seth,M,1490
Waylon,M,1486
Travis,M,1480
Devin,M,1476
Emiliano,M,1471
Zion,M,1471
Ricardo,M,1457
Erick,M,1437
Stephen,M,1433
Reid,M,1425
Paxton,M,1422
Eduardo,M,1421
Martin,M,1421
Fernando,M,1393
Raymond,M,1386
Manuel,M,1370
Jeffrey,M,1368
Felix,M,1363
Dallas,M,1359
Josue,M,1359
Mario,M,1355
Clayton,M,1349
Caiden,M,1346
Cristian,M,1337
Troy,M,1318
Cash,M,1316
Trevor,M,1312
Shane,M,1282
Kameron,M,1280
Cesar,M,1279
Emilio,M,1270
Andy,M,1263
Tyson,M,1262
Andre,M,1260
Donovan,M,1258
Titus,M,1246
Knox,M,1238
River,M,1223
Kyler,M,1218
Louis,M,1212
Cruz,M,1211
Hector,M,1209
Holden,M,1208
Rafael,M,1195
Landen,M,1192
Lane,M,1189
Jared,M,1180
Edwin,M,1179
Messiah,M,1178
Johnny,M,1176
Edgar,M,1175
Johnathan,M,1173
Alexis,M,1172
Archer,M,1171
Anderson,M,1155
Trenton,M,1143
Arthur,M,1138
Sergio,M,1138
Marco,M,1121
Julius,M,1119
Dominick,M,1118
Milo,M,1109
Dalton,M,1103
Remington,M,1101
Dante,M,1100
Angelo,M,1098
Gregory,M,1096
Reed,M,1087
Jaylen,M,1082
Marshall,M,1079
Dawson,M,1073
Leon,M,1070
Drew,M,1053
Shawn,M,1050
Emerson,M,1048
Fabian,M,1046
Joaquin,M,1038
Walker,M,1034
Erik,M,1030
Desmond,M,1029
Karson,M,1028
Emanuel,M,1015
Jett,M,1014
Ali,M,1005
Kendrick,M,1005
Aden,M,991
Frank,M,984
Walter,M,977
Rhett,M,975
Colt,M,973
Amari,M,970
Romeo,M,962
Cohen,M,961
Roberto,M,959
Maximiliano,M,956
Grady,M,953
Barrett,M,950
Zaiden,M,948
Drake,M,937
Gideon,M,928
Major,M,924
Brendan,M,911
Skyler,M,911
Derrick,M,904
Pedro,M,902
Phoenix,M,901
Noel,M,892
Ruben,M,889
Braden,M,886
Nehemiah,M,878
Dakota,M,876
Cade,M,875
Kamden,M,869
Quinn,M,868
Nash,M,867
Kason,M,864
Ronan,M,858
Allen,M,849
Porter,M,849
Enzo,M,847
Atticus,M,846
Kash,M,832
Jay,M,831
Adan,M,829
Finley,M,829
Matteo,M,829
Malik,M,828
Abram,M,823
Braylon,M,822
Ace,M,818
Solomon,M,813
Gunnar,M,808
Clark,M,806
Orion,M,806
Ismael,M,805
Kellan,M,803
Brennan,M,802
Corey,M,801
Tate,M,796
Philip,M,791
Thiago,M,791
Phillip,M,790
Esteban,M,788
Jayson,M,786
Dexter,M,783
Jensen,M,783
Pablo,M,780
Ronald,M,780
Dillon,M,778
Muhammad,M,773
Armando,M,770
Bruce,M,770
Gerardo,M,770
Brycen,M,764
Marcos,M,763
Kade,M,758
Kolton,M,756
Damon,M,755
Braylen,M,752
Russell,M,752
Leland,M,748
Milan,M,748
Prince,M,748
Gannon,M,747
Enrique,M,744
Keith,M,744
Rory,M,741
Brock,M,739
Donald,M,730
Tobias,M,728
Chandler,M,724
Deacon,M,724
Cason,M,723
Raul,M,720
Ty,M,716
Scott,M,714
Landyn,M,712
Mohamed,M,711
Colby,M,706
Danny,M,704
Leonel,M,704
Kayson,M,699
Warren,M,693
Adriel,M,691
Dustin,M,691
Taylor,M,691
Albert,M,690
Ryland,M,690
Hugo,M,689
Keaton,M,688
Jamison,M,685
Ari,M,677
Malcolm,M,675
Ellis,M,673
Kellen,M,666
Maximilian,M,662
Davis,M,660
Saul,M,659
Tony,M,658
Rocco,M,652
Zachariah,M,652
Jerry,M,650
Julio,M,650
Franklin,M,649
Arjun,M,648
Ibrahim,M,646
Nico,M,644
Jaxton,M,640
Jakob,M,637
Izaiah,M,633
Moises,M,632
Cyrus,M,629
Lawrence,M,628
Sullivan,M,628
Finnegan,M,625
Khalil,M,623
Mathew,M,621
Case,M,618
Jaime,M,618
Alec,M,616
Pierce,M,616
Quentin,M,610
Kasen,M,609
Darius,M,607
Colten,M,605
Royce,M,601
Odin,M,594
Kane,M,590
Francis,M,589
Raiden,M,589
Trey,M,584
Daxton,M,583
Gustavo,M,581
Rhys,M,578
Alijah,M,577
Lawson,M,574
Beckham,M,573
Moses,M,573
Rodrigo,M,571
Armani,M,570
Uriel,M,570
Dennis,M,569
Marvin,M,567
Harvey,M,566
Kian,M,565
Raylan,M,563
Darren,M,562
Frederick,M,562
Mohammed,M,561
Trent,M,561
Jonas,M,558
Zayne,M,558
Callen,M,557
Matias,M,556
Mitchell,M,555
Kyrie,M,554
Uriah,M,554
Tristen,M,548
Sterling,M,545
Theo,M,542
Larry,M,541
Randy,M,541
Korbin,M,540
Alberto,M,537
Chris,M,535
Gianni,M,535
Killian,M,535
Princeton,M,535
Arturo,M,534
Ricky,M,534
Malakai,M,532
Aarav,M,531
Asa,M,531
Jimmy,M,531
Alfredo,M,524
Alonzo,M,524
Benson,M,524
Braydon,M,522
Devon,M,522
Curtis,M,520
Casey,M,519
Justice,M,518
Roy,M,517
Sam,M,516
Legend,M,515
Dorian,M,513
Nikolai,M,513
Kobe,M,512
Winston,M,512
Arlo,M,511
Reece,M,511
Lance,M,505
Wade,M,505
Cannon,M,504
Augustus,M,499
Hayes,M,498
Hendrix,M,498
Isaias,M,498
Neymar,M,498
Ahmed,M,497
Jaxen,M,496
Nasir,M,496
Brayan,M,495
Issac,M,495
Ronin,M,494
Talon,M,494
Boston,M,493
Moshe,M,493
Orlando,M,491
Vihaan,M,491
Gary,M,490
Bowen,M,489
Luka,M,489
Nikolas,M,489
Yahir,M,489
Joe,M,488
Leonidas,M,488
Quinton,M,488
Luciano,M,486
Ezequiel,M,485
Ayaan,M,484
Ahmad,M,483
Jalen,M,482
Royal,M,482
Jamari,M,481
Noe,M,481
Kieran,M,480
Mauricio,M,480
Conor,M,479
Johan,M,477
Matthias,M,475
Bryant,M,472
Mathias,M,472
Maurice,M,472
Roger,M,472
Lennox,M,469
Nathanael,M,469
Nixon,M,469
Mohammad,M,468
Yusuf,M,468
Eddie,M,463
Kristopher,M,462
Tatum,M,462
Jacoby,M,461
Wilson,M,459
Alvin,M,457
Raphael,M,455
Lewis,M,453
Douglas,M,452
Mekhi,M,452
Salvador,M,448
Eden,M,447
Hank,M,446
Cullen,M,445
Dax,M,441
Toby,M,441
Rayan,M,439
Emmitt,M,438
Lucian,M,437
Jefferson,M,435
Casen,M,433
London,M,433
Roland,M,433
Carl,M,431
Crosby,M,431
Bodhi,M,430
Dominik,M,429
Niko,M,428
Zackary,M,427
Deandre,M,425
Hamza,M,425
Remy,M,424
Quincy,M,422
Alessandro,M,421
Sincere,M,420
Dane,M,419
Terry,M,418
Otto,M,416
Samson,M,416
Madden,M,415
Jasiah,M,414
Layne,M,414
Santino,M,414
Rohan,M,412
Abdullah,M,411
Brentley,M,409
Marc,M,409
Skylar,M,409
Bo,M,408
Kyson,M,408
Soren,M,408
Harley,M,407
Nelson,M,407
Layton,M,406
Payton,M,406
Aldo,M,405
Atlas,M,404
Ramon,M,404
Reese,M,403
Conrad,M,402
Morgan,M,402
Ernesto,M,400
Byron,M,399
Carmelo,M,399
Sage,M,399
Neil,M,397
Kristian,M,396
Oakley,M,394
Tomas,M,390
Flynn,M,388
Lionel,M,387
Kylan,M,386
Leonard,M,384
Rex,M,384
Brett,M,383
Jeffery,M,383
Duke,M,382
Sylas,M,381
Callan,M,379
Tripp,M,378
Bruno,M,377
Zechariah,M,377
Melvin,M,376
Branson,M,375
Blaine,M,374
Jon,M,374
Julien,M,374
Arian,M,372
Guillermo,M,372
Zain,M,372
Rayden,M,370
Brodie,M,369
Crew,M,367
Memphis,M,367
Kelvin,M,365
Stanley,M,365
Joey,M,364
Emery,M,361
Terrance,M,359
Channing,M,358
Edison,M,358
Lennon,M,358
Demetrius,M,357
Amos,M,356
Cayson,M,356
Rodney,M,355
Cory,M,353
Elian,M,352
Xzavier,M,350
Bronson,M,349
Bentlee,M,348
Lee,M,348
Dayton,M,345
Chad,M,344
Cassius,M,343
Jagger,M,342
Fletcher,M,340
Omari,M,340
Alonso,M,339
Yosef,M,339
Westin,M,338
Brenden,M,337
Makai,M,337
Felipe,M,335
Harry,M,335
Alden,M,334
Maxim,M,334
Nickolas,M,334
Davion,M,332
Forrest,M,332
Allan,M,331
Enoch,M,331
Willie,M,331
Ben,M,329
Terrence,M,329
Tommy,M,329
Adonis,M,327
Cain,M,327
Harper,M,327
Callum,M,325
Jermaine,M,325
Kody,M,324
Thaddeus,M,324
Ray,M,323
Kamari,M,322
Aydin,M,321
Zeke,M,321
Markus,M,320
Ariel,M,319
Elisha,M,319
Lucca,M,319
Marcelo,M,319
Shaun,M,319
Aryan,M,317
Vicente,M,317
Aron,M,315
Keagan,M,314
Marlon,M,314
Langston,M,313
Ulises,M,313
Anders,M,312
Kareem,M,312
Bobby,M,311
Davian,M,310
Kendall,M,310
Ronnie,M,310
Jadiel,M,309
Samir,M,309
Alexzander,M,308
Hassan,M,308
Kingsley,M,308
Axton,M,307
Trace,M,307
Will,M,307
Jamal,M,305
Valentino,M,305
Yousef,M,305
Brecken,M,304
Fisher,M,302
Giovani,M,302
Kaysen,M,302
Maxton,M,300
Mayson,M,300
Van,M,300
Hezekiah,M,297
Blaze,M,296
Kolten,M,296
Misael,M,296
Javon,M,295
Kolby,M,295
Rogelio,M,295
Ares,M,294
Jedidiah,M,294
Bode,M,293
Leandro,M,293
Cedric,M,292
Jamie,M,292
Rowen,M,292
Urijah,M,292
Wayne,M,291
Eugene,M,289
Kole,M,288
Camron,M,287
Darian,M,287
Billy,M,286
Kase,M,286
Rene,M,286
Duncan,M,285
Adrien,M,284
Alfred,M,284
Maison,M,284
Apollo,M,283
Braeden,M,283
Mack,M,283
Clyde,M,282
Reginald,M,282
Anson,M,281
Jerome,M,281
Ishaan,M,280
Jessie,M,280
Javion,M,279
Micheal,M,278
Vincenzo,M,278
Camdyn,M,277
Gauge,M,277
Keenan,M,277
Gerald,M,275
Franco,M,274
Junior,M,274
Justus,M,274
Jamir,M,273
Marley,M,273
Terrell,M,273
Giancarlo,M,272
Braiden,M,271
Brantlee,M,271
Draven,M,271
Titan,M,271
Harold,M,270
Landry,M,270
Zayn,M,270
Briggs,M,269
Kyree,M,269
Chaim,M,268
Dilan,M,268
Joziah,M,268
Marquis,M,268
Jonathon,M,265
Azariah,M,264
Kenny,M,264
Amare,M,263
Brent,M,263
Clay,M,263
Stetson,M,263
Tyrone,M,263
Blaise,M,262
Dariel,M,262
Lamar,M,262
Reuben,M,262
Alfonso,M,261
Axl,M,261
Stefan,M,260
Finnley,M,259
Marcel,M,259
Jaydon,M,258
Kalel,M,257
Triston,M,257
Darrell,M,256
Steve,M,256
Abdiel,M,255
Lyric,M,255
Gibson,M,254
Thatcher,M,254
Henrik,M,253
Jadon,M,253
Jairo,M,253
Rudy,M,253
Castiel,M,252
Emory,M,252
Hugh,M,251
Konnor,M,250
Graysen,M,249
Cristiano,M,247
Deshawn,M,247
Eliezer,M,247
Kamdyn,M,247
Miller,M,247
Rylee,M,247
Tristian,M,247
Agustin,M,246
Ernest,M,246
Dwayne,M,245
Dimitri,M,244
Ford,M,244
Rey,M,244
Zavier,M,244
Arnav,M,242
Santana,M,242
Vance,M,242
Jamarion,M,241
Ramiro,M,241
Sonny,M,241
Brice,M,240
Leighton,M,240
Gilbert,M,239
Jordyn,M,239
Kaeden,M,238
Anton,M,237
Coen,M,237
Salvatore,M,237
Seamus,M,237
Zaire,M,237
Aaden,M,236
Chevy,M,236
Lachlan,M,236
Rolando,M,236
Aydan,M,235
Darwin,M,235
Randall,M,235
Santos,M,235
Yael,M,235
Grey,M,234
Kohen,M,234
Rashad,M,234
Jayse,M,233
Lochlan,M,233
Mustafa,M,233
Johnathon,M,232
Kannon,M,232
Konner,M,232
Jovani,M,231
Maximo,M,231
Alvaro,M,230
Clinton,M,230
Aidyn,M,229
Kymani,M,229
Davin,M,228
Jordy,M,228
Ephraim,M,226
Frankie,M,226
Heath,M,226
Houston,M,226
Kamron,M,226
Craig,M,225
Cristopher,M,224
Gordon,M,224
Harlan,M,224
Turner,M,224
Vaughn,M,224
Vivaan,M,224
Ameer,M,223
Gavyn,M,223
Gino,M,223
Jovanni,M,223
Benton,M,222
Rodolfo,M,222
Dominique,M,221
Jaycob,M,221
Jericho,M,221
Augustine,M,220
Coleman,M,220
Dash,M,220
Eliseo,M,220
Khalid,M,220
Quintin,M,220
Makhi,M,219
Zaid,M,219
Anakin,M,218
Baylor,M,218
Emmet,M,218
Judson,M,218
Truman,M,218
Camilo,M,217
Efrain,M,217
Semaj,M,217
Camren,M,216
Damari,M,216
Kamryn,M,216
Deangelo,M,215
Giovanny,M,215
Mike,M,215
Dario,M,214
Kale,M,214
Broderick,M,213
Jayvion,M,213
Kaison,M,213
Koen,M,213
Magnus,M,213
Darien,M,212
Teagan,M,212
Valentin,M,212
Bodie,M,211
Brayson,M,211
Chace,M,211
Kylen,M,209
Yehuda,M,209
Bridger,M,208
Howard,M,208
Maddux,M,208
Osvaldo,M,208
Rocky,M,208
Ayan,M,207
Boden,M,207
Foster,M,207
Jair,M,207
Reyansh,M,207
Tyree,M,207
Ean,M,206
Leif,M,205
Reagan,M,205
Rylen,M,205
